"255","1"
"0","2"
"1","3","131"
"2","4"
"3","5"
"4","6","123","127"
"5","7","242","43"
"6","8","152","234"
"7","9","162"
"8","10"
"9","11","17"
"10","12"
"11","13","193","72"
"12","14","238"
"13","15"
"14","16"
"15","17","116"
"16","18","10","225"
"17","19","98","100"
"18","20","86","43"
"19","21","26"
"20","22"
"21","23","129","176"
"22","24"
"23","25"
"24","26","113"
"25","27","20","72"
"26","28","163","244"
"27","29","193"
"28","30","238","131"
"29","31","153","76"
"30","32"
"31","33","141","57"
"32","34"
"33","35","239"
"34","36","132"
"35","37","143","178"
"36","38","190","173"
"37","39","68","201"
"38","40"
"39","41"
"40","42","78","155"
"41","43","201"
"42","44","6","19"
"43","45","108","239"
"44","46","169"
"45","47"
"46","48","233","133"
"47","49","98","55"
"48","50","83"
"49","51","250","84"
"50","52","203","226"
"51","53","227"
"52","54","218"
"53","55","124"
"54","56","48"
"55","57"
"56","58","32"
"57","59","84","73"
"58","60","240"
"59","61","136","204"
"60","62","252"
"61","63","227","85"
"62","64","116","143"
"63","65","87"
"64","66","88"
"65","67","81"
"66","68"
"67","69","38","244"
"68","70","198"
"69","71"
"70","72"
"71","73","12","26"
"72","74","58"
"73","75"
"74","76","196"
"75","77","30"
"76","78"
"77","79","41"
"78","80"
"79","81","235"
"80","82","66","124"
"81","83"
"82","84","49"
"83","85","50","58"
"84","86","62"
"85","87","19"
"86","88","64"
"87","89","65"
"88","90"
"89","91"
"90","92","231"
"91","93","167","113"
"92","94","106"
"93","95"
"94","96","180"
"95","97","162","140"
"96","98","221"
"97","99","18","48"
"98","100"
"99","101","18","204"
"100","102","177","240"
"101","103"
"102","104","168"
"103","105"
"104","106"
"105","107","93"
"106","108","215"
"107","109","44","186"
"108","110"
"109","111"
"110","112","181","247"
"111","113","241"
"112","114","25","92"
"113","115"
"114","116","136"
"115","117","16","63"
"116","118","180"
"117","119","171"
"118","120"
"119","121","249"
"120","122","140","184"
"121","123"
"122","124","5"
"123","125","54","81"
"124","126"
"125","127"
"126","128","5"
"127","129","228","182"
"128","130","22","156"
"129","131"
"130","132","2","29"
"131","133","35"
"132","134","47"
"133","135","207","153"
"134","136"
"135","137","60","115"
"136","138","218","149"
"137","139","144"
"138","140"
"139","141","96","121"
"140","142","32"
"141","143"
"142","144","36","63"
"143","145","138"
"144","146","205"
"145","147","205","191"
"146","148"
"147","149","245"
"148","150","137","164"
"149","151","228"
"150","152"
"151","153","7"
"152","154","30","134"
"153","155","173"
"154","156","41"
"155","157","129"
"156","158"
"157","159","231","207"
"158","160"
"159","161"
"160","162"
"161","163","8","96"
"162","164","27"
"163","165","149"
"164","166"
"165","167"
"166","168","92"
"167","169","103"
"168","170","45","174"
"169","171"
"170","172","118"
"171","173"
"172","174","37","154"
"173","175","169","255"
"174","176","253"
"175","177","22"
"176","178","101"
"177","179","36"
"178","180"
"179","181","95","117"
"180","182","111"
"181","183","128"
"182","184","213","234"
"183","185","121","192"
"184","186","247"
"185","187","108"
"186","188"
"187","189"
"188","190"
"189","191","37","249"
"190","192","146"
"191","193","184","206"
"192","194","12","28"
"193","195"
"194","196","250"
"195","197","75"
"196","198"
"197","199","69","255"
"198","200"
"199","201"
"200","202","38","42"
"201","203"
"202","204","51"
"203","205","60","100"
"204","206","145","146"
"205","207","192","212"
"206","208","134","158"
"207","209","222"
"208","210","211"
"209","211","212"
"210","212","209"
"211","213","206","210"
"212","214","183","222"
"213","215"
"214","216","107"
"215","217"
"216","218"
"217","219","53","137"
"218","220"
"219","221"
"220","222","97"
"221","223","208","213"
"222","224"
"223","225"
"224","226","17"
"225","227","51"
"226","228","52","62"
"227","229","128","150"
"228","230"
"229","231"
"230","232","91","158"
"231","233"
"232","234","47"
"233","235","7","183"
"234","236","80"
"235","237"
"236","238"
"237","239","13","29"
"238","240","34","44"
"239","241","59","101"
"240","242","112"
"241","243","6"
"242","244"
"243","245","27","68"
"244","246","148"
"245","247"
"246","248","111","185"
"247","249"
"248","250","120","190"
"249","251","50","195"
"250","252"
"251","253","61"
"252","254","175"
"253","255"
"254","0","174","198"
