1,We are buildling the best Algorand Discrete Event Simulator,Empty,Empty,Empty,Empty,
2,We are buildling the best Algorand Discrete Event Simulator,Empty,Empty,Empty,Empty,
3,We are buildling the best Algorand Discrete Event Simulator,Empty,Empty,Empty,Empty,
4,We are buildling the best Algorand Discrete Event Simulator,Empty,Empty,Empty,Empty,
5,We are buildling the best Algorand Discrete Event Simulator,Empty,Empty,Empty,Empty,
6,We are buildling the best Algorand Discrete Event Simulator,Empty,Empty,Empty,Empty,
7,We are buildling the best Algorand Discrete Event Simulator,Empty,Empty,Empty,Empty,
8,We are buildling the best Algorand Discrete Event Simulator,Empty,Empty,Empty,Empty,
9,We are buildling the best Algorand Discrete Event Simulator,Empty,Empty,Empty,Empty,
10,We are buildling the best Algorand Discrete Event Simulator,Empty,Empty,Empty,Empty,
11,We are buildling the best Algorand Discrete Event Simulator,Empty,Empty,Empty,Empty,
12,We are buildling the best Algorand Discrete Event Simulator,Empty,Empty,Empty,Empty,
13,We are buildling the best Algorand Discrete Event Simulator,Empty,Empty,Empty,Empty,
14,We are buildling the best Algorand Discrete Event Simulator,Empty,Empty,Empty,Empty,
15,We are buildling the best Algorand Discrete Event Simulator,Empty,Empty,Empty,Empty,
16,We are buildling the best Algorand Discrete Event Simulator,Empty,Empty,Empty,Empty,
17,We are buildling the best Algorand Discrete Event Simulator,Empty,Empty,Empty,Empty,
18,We are buildling the best Algorand Discrete Event Simulator,Empty,Empty,Empty,Empty,
19,We are buildling the best Algorand Discrete Event Simulator,Empty,Empty,Empty,Empty,
20,We are buildling the best Algorand Discrete Event Simulator,Empty,Empty,Empty,Empty,
21,We are buildling the best Algorand Discrete Event Simulator,Empty,Empty,Empty,Empty,
22,We are buildling the best Algorand Discrete Event Simulator,Empty,Empty,Empty,Empty,
23,We are buildling the best Algorand Discrete Event Simulator,Empty,Empty,Empty,Empty,
24,We are buildling the best Algorand Discrete Event Simulator,Empty,Empty,Empty,Empty,
25,We are buildling the best Algorand Discrete Event Simulator,Empty,Empty,Empty,Empty,
26,We are buildling the best Algorand Discrete Event Simulator,Empty,Empty,Empty,Empty,
27,We are buildling the best Algorand Discrete Event Simulator,Empty,Empty,Empty,Empty,
28,We are buildling the best Algorand Discrete Event Simulator,Empty,Empty,Empty,Empty,
29,We are buildling the best Algorand Discrete Event Simulator,Empty,Empty,Empty,Empty,
30,We are buildling the best Algorand Discrete Event Simulator,Empty,Empty,Empty,Empty,
31,We are buildling the best Algorand Discrete Event Simulator,Empty,Empty,Empty,Empty,
32,We are buildling the best Algorand Discrete Event Simulator,Empty,Empty,Empty,Empty,
33,We are buildling the best Algorand Discrete Event Simulator,Empty,Empty,Empty,Empty,
34,We are buildling the best Algorand Discrete Event Simulator,Empty,Empty,Empty,Empty,
35,We are buildling the best Algorand Discrete Event Simulator,Empty,Empty,Empty,Empty,
36,We are buildling the best Algorand Discrete Event Simulator,Empty,Empty,Empty,Empty,
37,We are buildling the best Algorand Discrete Event Simulator,Empty,Empty,Empty,Empty,
38,We are buildling the best Algorand Discrete Event Simulator,Empty,Empty,Empty,Empty,
39,We are buildling the best Algorand Discrete Event Simulator,Empty,Empty,Empty,Empty,
40,We are buildling the best Algorand Discrete Event Simulator,Empty,Empty,Empty,Empty,
41,We are buildling the best Algorand Discrete Event Simulator,Empty,Empty,Empty,Empty,
42,We are buildling the best Algorand Discrete Event Simulator,Empty,Empty,Empty,Empty,
43,We are buildling the best Algorand Discrete Event Simulator,Empty,Empty,Empty,Empty,
44,We are buildling the best Algorand Discrete Event Simulator,Empty,Empty,Empty,Empty,
45,We are buildling the best Algorand Discrete Event Simulator,Empty,Empty,Empty,Empty,
46,We are buildling the best Algorand Discrete Event Simulator,Empty,Empty,Empty,Empty,
47,We are buildling the best Algorand Discrete Event Simulator,Empty,Empty,Empty,Empty,
48,We are buildling the best Algorand Discrete Event Simulator,Empty,Empty,Empty,Empty,
49,We are buildling the best Algorand Discrete Event Simulator,Empty,Empty,Empty,Empty,
50,We are buildling the best Algorand Discrete Event Simulator,Empty,Empty,Empty,Empty,
51,We are buildling the best Algorand Discrete Event Simulator,Empty,Empty,Empty,Empty,
52,We are buildling the best Algorand Discrete Event Simulator,Empty,Empty,Empty,Empty,
53,We are buildling the best Algorand Discrete Event Simulator,Empty,Empty,1137755682,Empty,
54,We are buildling the best Algorand Discrete Event Simulator,Empty,Empty,1137755682,Empty,
55,We are buildling the best Algorand Discrete Event Simulator,Empty,Empty,1137755682,Empty,
56,We are buildling the best Algorand Discrete Event Simulator,Empty,Empty,1137755682,Empty,
57,We are buildling the best Algorand Discrete Event Simulator,Empty,Empty,1137755682,Empty,
58,We are buildling the best Algorand Discrete Event Simulator,Empty,Empty,1137755682,Empty,
59,We are buildling the best Algorand Discrete Event Simulator,Empty,Empty,1137755682,Empty,
60,We are buildling the best Algorand Discrete Event Simulator,Empty,Empty,1137755682,Empty,
61,We are buildling the best Algorand Discrete Event Simulator,Empty,Empty,1137755682,Empty,
62,We are buildling the best Algorand Discrete Event Simulator,Empty,Empty,1137755682,Empty,
63,We are buildling the best Algorand Discrete Event Simulator,Empty,Empty,1137755682,Empty,
64,We are buildling the best Algorand Discrete Event Simulator,Empty,Empty,1137755682,Empty,
65,We are buildling the best Algorand Discrete Event Simulator,Empty,Empty,1137755682,Empty,
66,We are buildling the best Algorand Discrete Event Simulator,Empty,Empty,1137755682,Empty,
67,We are buildling the best Algorand Discrete Event Simulator,Empty,Empty,1137755682,Empty,
68,We are buildling the best Algorand Discrete Event Simulator,Empty,Empty,1137755682,Empty,
69,We are buildling the best Algorand Discrete Event Simulator,Empty,Empty,1137755682,Empty,
70,We are buildling the best Algorand Discrete Event Simulator,Empty,Empty,1137755682,Empty,
71,We are buildling the best Algorand Discrete Event Simulator,Empty,Empty,1137755682,Empty,
72,We are buildling the best Algorand Discrete Event Simulator,Empty,Empty,1137755682,Empty,
73,We are buildling the best Algorand Discrete Event Simulator,Empty,Empty,1137755682,Empty,
74,We are buildling the best Algorand Discrete Event Simulator,Empty,Empty,1137755682,Empty,
75,We are buildling the best Algorand Discrete Event Simulator,Empty,Empty,1137755682,Empty,
76,We are buildling the best Algorand Discrete Event Simulator,Empty,Empty,1137755682,Empty,
77,We are buildling the best Algorand Discrete Event Simulator,Empty,Empty,1137755682,Empty,
78,We are buildling the best Algorand Discrete Event Simulator,Empty,Empty,1137755682,Empty,
79,We are buildling the best Algorand Discrete Event Simulator,Empty,Empty,1137755682,Empty,
80,We are buildling the best Algorand Discrete Event Simulator,Empty,Empty,1137755682,Empty,
81,We are buildling the best Algorand Discrete Event Simulator,Empty,Empty,1137755682,Empty,
82,We are buildling the best Algorand Discrete Event Simulator,Empty,Empty,1137755682,Empty,
83,We are buildling the best Algorand Discrete Event Simulator,Empty,Empty,1137755682,Empty,
84,We are buildling the best Algorand Discrete Event Simulator,Empty,Empty,1137755682,Empty,
85,We are buildling the best Algorand Discrete Event Simulator,Empty,Empty,1137755682,Empty,
86,We are buildling the best Algorand Discrete Event Simulator,Empty,Empty,1137755682,Empty,
87,We are buildling the best Algorand Discrete Event Simulator,Empty,Empty,1137755682,Empty,
88,We are buildling the best Algorand Discrete Event Simulator,Empty,Empty,1137755682,Empty,
89,We are buildling the best Algorand Discrete Event Simulator,Empty,Empty,1137755682,Empty,
90,We are buildling the best Algorand Discrete Event Simulator,Empty,Empty,1137755682,Empty,
91,We are buildling the best Algorand Discrete Event Simulator,Empty,Empty,1137755682,Empty,
92,We are buildling the best Algorand Discrete Event Simulator,Empty,Empty,1137755682,Empty,
93,We are buildling the best Algorand Discrete Event Simulator,Empty,Empty,1137755682,Empty,
94,We are buildling the best Algorand Discrete Event Simulator,Empty,Empty,1137755682,Empty,
95,We are buildling the best Algorand Discrete Event Simulator,Empty,Empty,1137755682,Empty,
96,We are buildling the best Algorand Discrete Event Simulator,Empty,Empty,1137755682,Empty,
97,We are buildling the best Algorand Discrete Event Simulator,Empty,Empty,1137755682,Empty,
98,We are buildling the best Algorand Discrete Event Simulator,Empty,Empty,1137755682,Empty,
99,We are buildling the best Algorand Discrete Event Simulator,Empty,Empty,1137755682,Empty,
100,We are buildling the best Algorand Discrete Event Simulator,Empty,Empty,1137755682,Empty,
101,We are buildling the best Algorand Discrete Event Simulator,Empty,Empty,1137755682,Empty,
102,We are buildling the best Algorand Discrete Event Simulator,Empty,Empty,1137755682,Empty,
103,We are buildling the best Algorand Discrete Event Simulator,Empty,Empty,1137755682,Empty,
104,We are buildling the best Algorand Discrete Event Simulator,Empty,Empty,1137755682,Empty,
105,We are buildling the best Algorand Discrete Event Simulator,Empty,Empty,1137755682,Empty,
106,We are buildling the best Algorand Discrete Event Simulator,Empty,Empty,1137755682,Empty,
107,We are buildling the best Algorand Discrete Event Simulator,Empty,Empty,1137755682,Empty,
108,We are buildling the best Algorand Discrete Event Simulator,Empty,Empty,1137755682,Empty,
109,We are buildling the best Algorand Discrete Event Simulator,Empty,Empty,1137755682,Empty,
110,We are buildling the best Algorand Discrete Event Simulator,Empty,Empty,1137755682,Empty,
111,We are buildling the best Algorand Discrete Event Simulator,Empty,Empty,1137755682,Empty,
112,We are buildling the best Algorand Discrete Event Simulator,Empty,Empty,1137755682,Empty,
113,We are buildling the best Algorand Discrete Event Simulator,Empty,Empty,1137755682,Empty,
114,We are buildling the best Algorand Discrete Event Simulator,Empty,Empty,1137755682,Empty,
115,We are buildling the best Algorand Discrete Event Simulator,Empty,Empty,1137755682,Empty,
116,We are buildling the best Algorand Discrete Event Simulator,Empty,Empty,1137755682,Empty,
117,We are buildling the best Algorand Discrete Event Simulator,Empty,Empty,1137755682,Empty,
118,We are buildling the best Algorand Discrete Event Simulator,Empty,Empty,1137755682,Empty,
119,We are buildling the best Algorand Discrete Event Simulator,Empty,Empty,1137755682,Empty,
120,We are buildling the best Algorand Discrete Event Simulator,Empty,Empty,1137755682,Empty,
121,We are buildling the best Algorand Discrete Event Simulator,Empty,Empty,1137755682,Empty,
122,We are buildling the best Algorand Discrete Event Simulator,Empty,Empty,1137755682,Empty,
123,We are buildling the best Algorand Discrete Event Simulator,Empty,Empty,1137755682,Empty,
124,We are buildling the best Algorand Discrete Event Simulator,Empty,Empty,1137755682,Empty,
125,We are buildling the best Algorand Discrete Event Simulator,Empty,Empty,1137755682,Empty,
126,We are buildling the best Algorand Discrete Event Simulator,Empty,Empty,1137755682,Empty,
127,We are buildling the best Algorand Discrete Event Simulator,Empty,Empty,1137755682,Empty,
128,We are buildling the best Algorand Discrete Event Simulator,Empty,Empty,1137755682,Empty,
129,We are buildling the best Algorand Discrete Event Simulator,Empty,Empty,1137755682,Empty,
130,We are buildling the best Algorand Discrete Event Simulator,Empty,Empty,1137755682,Empty,
131,We are buildling the best Algorand Discrete Event Simulator,Empty,Empty,1137755682,Empty,
132,We are buildling the best Algorand Discrete Event Simulator,Empty,Empty,1137755682,Empty,
133,We are buildling the best Algorand Discrete Event Simulator,Empty,Empty,1137755682,Empty,
134,We are buildling the best Algorand Discrete Event Simulator,Empty,Empty,1137755682,Empty,
135,We are buildling the best Algorand Discrete Event Simulator,Empty,Empty,1137755682,Empty,
136,We are buildling the best Algorand Discrete Event Simulator,Empty,Empty,1137755682,Empty,
137,We are buildling the best Algorand Discrete Event Simulator,Empty,Empty,1137755682,Empty,
138,We are buildling the best Algorand Discrete Event Simulator,Empty,Empty,1137755682,Empty,
139,We are buildling the best Algorand Discrete Event Simulator,Empty,Empty,1137755682,Empty,
140,We are buildling the best Algorand Discrete Event Simulator,Empty,Empty,1137755682,Empty,
141,We are buildling the best Algorand Discrete Event Simulator,Empty,Empty,1137755682,Empty,
142,We are buildling the best Algorand Discrete Event Simulator,Empty,Empty,1137755682,Empty,
143,We are buildling the best Algorand Discrete Event Simulator,Empty,Empty,1137755682,Empty,
144,We are buildling the best Algorand Discrete Event Simulator,Empty,Empty,1137755682,Empty,
145,We are buildling the best Algorand Discrete Event Simulator,Empty,Empty,1137755682,Empty,
146,We are buildling the best Algorand Discrete Event Simulator,Empty,Empty,1137755682,Empty,
147,We are buildling the best Algorand Discrete Event Simulator,Empty,Empty,1137755682,Empty,
148,We are buildling the best Algorand Discrete Event Simulator,Empty,Empty,1137755682,Empty,
149,We are buildling the best Algorand Discrete Event Simulator,Empty,Empty,1137755682,Empty,
150,We are buildling the best Algorand Discrete Event Simulator,Empty,Empty,1137755682,Empty,
151,We are buildling the best Algorand Discrete Event Simulator,Empty,Empty,1137755682,Empty,
152,We are buildling the best Algorand Discrete Event Simulator,Empty,Empty,1137755682,Empty,
153,We are buildling the best Algorand Discrete Event Simulator,Empty,Empty,1137755682,Empty,
154,We are buildling the best Algorand Discrete Event Simulator,Empty,Empty,1137755682,Empty,
155,We are buildling the best Algorand Discrete Event Simulator,Empty,Empty,1137755682,Empty,
156,We are buildling the best Algorand Discrete Event Simulator,Empty,Empty,1137755682,Empty,
157,We are buildling the best Algorand Discrete Event Simulator,Empty,Empty,1137755682,Empty,
158,We are buildling the best Algorand Discrete Event Simulator,Empty,Empty,1137755682,Empty,
159,We are buildling the best Algorand Discrete Event Simulator,Empty,Empty,1137755682,Empty,
160,We are buildling the best Algorand Discrete Event Simulator,Empty,Empty,1137755682,Empty,
161,We are buildling the best Algorand Discrete Event Simulator,Empty,Empty,1137755682,Empty,
162,We are buildling the best Algorand Discrete Event Simulator,Empty,Empty,1137755682,Empty,
163,We are buildling the best Algorand Discrete Event Simulator,Empty,Empty,1137755682,Empty,
164,We are buildling the best Algorand Discrete Event Simulator,Empty,Empty,1137755682,Empty,
165,We are buildling the best Algorand Discrete Event Simulator,Empty,Empty,1137755682,Empty,
166,We are buildling the best Algorand Discrete Event Simulator,Empty,Empty,1137755682,Empty,
167,We are buildling the best Algorand Discrete Event Simulator,Empty,Empty,1137755682,Empty,
168,We are buildling the best Algorand Discrete Event Simulator,Empty,Empty,1137755682,Empty,
169,We are buildling the best Algorand Discrete Event Simulator,Empty,Empty,1137755682,Empty,
170,We are buildling the best Algorand Discrete Event Simulator,Empty,Empty,1137755682,Empty,
171,We are buildling the best Algorand Discrete Event Simulator,Empty,Empty,1137755682,Empty,
172,We are buildling the best Algorand Discrete Event Simulator,Empty,Empty,1137755682,Empty,
173,We are buildling the best Algorand Discrete Event Simulator,Empty,Empty,1137755682,Empty,
174,We are buildling the best Algorand Discrete Event Simulator,Empty,Empty,1137755682,Empty,
175,We are buildling the best Algorand Discrete Event Simulator,Empty,Empty,1137755682,Empty,
176,We are buildling the best Algorand Discrete Event Simulator,Empty,Empty,1137755682,Empty,
177,We are buildling the best Algorand Discrete Event Simulator,Empty,Empty,1137755682,Empty,
178,We are buildling the best Algorand Discrete Event Simulator,Empty,Empty,1137755682,Empty,
179,We are buildling the best Algorand Discrete Event Simulator,Empty,Empty,1137755682,Empty,
180,We are buildling the best Algorand Discrete Event Simulator,Empty,Empty,1137755682,Empty,
181,We are buildling the best Algorand Discrete Event Simulator,Empty,Empty,1137755682,Empty,
182,We are buildling the best Algorand Discrete Event Simulator,Empty,Empty,1137755682,Empty,
183,We are buildling the best Algorand Discrete Event Simulator,Empty,Empty,1137755682,Empty,
184,We are buildling the best Algorand Discrete Event Simulator,Empty,Empty,1137755682,Empty,
185,We are buildling the best Algorand Discrete Event Simulator,Empty,Empty,1137755682,Empty,
186,We are buildling the best Algorand Discrete Event Simulator,Empty,Empty,1137755682,Empty,
187,We are buildling the best Algorand Discrete Event Simulator,Empty,Empty,1137755682,Empty,
188,We are buildling the best Algorand Discrete Event Simulator,Empty,Empty,1137755682,Empty,
189,We are buildling the best Algorand Discrete Event Simulator,Empty,Empty,1137755682,Empty,
190,We are buildling the best Algorand Discrete Event Simulator,Empty,Empty,1137755682,Empty,
191,We are buildling the best Algorand Discrete Event Simulator,Empty,Empty,1137755682,Empty,
192,We are buildling the best Algorand Discrete Event Simulator,Empty,Empty,1137755682,Empty,
193,We are buildling the best Algorand Discrete Event Simulator,Empty,Empty,1137755682,Empty,
194,We are buildling the best Algorand Discrete Event Simulator,Empty,Empty,1137755682,Empty,
195,We are buildling the best Algorand Discrete Event Simulator,Empty,Empty,1137755682,Empty,
196,We are buildling the best Algorand Discrete Event Simulator,Empty,Empty,1137755682,Empty,
197,We are buildling the best Algorand Discrete Event Simulator,Empty,Empty,1137755682,Empty,
198,We are buildling the best Algorand Discrete Event Simulator,Empty,Empty,1137755682,Empty,
199,We are buildling the best Algorand Discrete Event Simulator,Empty,Empty,1137755682,Empty,
200,We are buildling the best Algorand Discrete Event Simulator,Empty,Empty,1137755682,Empty,
201,We are buildling the best Algorand Discrete Event Simulator,Empty,Empty,1137755682,Empty,
202,We are buildling the best Algorand Discrete Event Simulator,Empty,Empty,1137755682,Empty,
203,We are buildling the best Algorand Discrete Event Simulator,Empty,Empty,1137755682,Empty,
204,We are buildling the best Algorand Discrete Event Simulator,Empty,Empty,1137755682,Empty,
205,We are buildling the best Algorand Discrete Event Simulator,Empty,Empty,1137755682,Empty,
206,We are buildling the best Algorand Discrete Event Simulator,Empty,Empty,1137755682,Empty,
207,We are buildling the best Algorand Discrete Event Simulator,Empty,Empty,1137755682,Empty,
208,We are buildling the best Algorand Discrete Event Simulator,Empty,Empty,1137755682,Empty,
209,We are buildling the best Algorand Discrete Event Simulator,Empty,Empty,1137755682,Empty,
210,We are buildling the best Algorand Discrete Event Simulator,Empty,Empty,1137755682,Empty,
211,We are buildling the best Algorand Discrete Event Simulator,Empty,Empty,1137755682,Empty,
212,We are buildling the best Algorand Discrete Event Simulator,Empty,Empty,1137755682,Empty,
213,We are buildling the best Algorand Discrete Event Simulator,Empty,Empty,1137755682,Empty,
214,We are buildling the best Algorand Discrete Event Simulator,Empty,Empty,1137755682,Empty,
215,We are buildling the best Algorand Discrete Event Simulator,Empty,Empty,1137755682,Empty,
216,We are buildling the best Algorand Discrete Event Simulator,Empty,Empty,1137755682,Empty,
217,We are buildling the best Algorand Discrete Event Simulator,Empty,Empty,1137755682,Empty,
218,We are buildling the best Algorand Discrete Event Simulator,Empty,Empty,1137755682,Empty,
219,We are buildling the best Algorand Discrete Event Simulator,Empty,Empty,1137755682,Empty,
220,We are buildling the best Algorand Discrete Event Simulator,Empty,Empty,1137755682,Empty,
221,We are buildling the best Algorand Discrete Event Simulator,Empty,Empty,1137755682,Empty,
222,We are buildling the best Algorand Discrete Event Simulator,Empty,Empty,1137755682,Empty,
223,We are buildling the best Algorand Discrete Event Simulator,Empty,Empty,1137755682,Empty,
224,We are buildling the best Algorand Discrete Event Simulator,Empty,Empty,1137755682,Empty,
225,We are buildling the best Algorand Discrete Event Simulator,Empty,Empty,1137755682,Empty,
226,We are buildling the best Algorand Discrete Event Simulator,Empty,Empty,1137755682,Empty,
227,We are buildling the best Algorand Discrete Event Simulator,Empty,Empty,1137755682,Empty,
228,We are buildling the best Algorand Discrete Event Simulator,Empty,Empty,1137755682,Empty,
229,We are buildling the best Algorand Discrete Event Simulator,Empty,Empty,1137755682,Empty,
230,We are buildling the best Algorand Discrete Event Simulator,Empty,Empty,1137755682,Empty,
231,We are buildling the best Algorand Discrete Event Simulator,Empty,Empty,1137755682,Empty,
232,We are buildling the best Algorand Discrete Event Simulator,Empty,Empty,1137755682,Empty,
233,We are buildling the best Algorand Discrete Event Simulator,Empty,Empty,1137755682,Empty,
234,We are buildling the best Algorand Discrete Event Simulator,Empty,Empty,1137755682,Empty,
235,We are buildling the best Algorand Discrete Event Simulator,Empty,Empty,1137755682,Empty,
236,We are buildling the best Algorand Discrete Event Simulator,Empty,Empty,1137755682,Empty,
237,We are buildling the best Algorand Discrete Event Simulator,Empty,Empty,1137755682,Empty,
238,We are buildling the best Algorand Discrete Event Simulator,Empty,Empty,1137755682,Empty,
239,We are buildling the best Algorand Discrete Event Simulator,Empty,Empty,1137755682,Empty,
240,We are buildling the best Algorand Discrete Event Simulator,Empty,Empty,1137755682,Empty,
241,We are buildling the best Algorand Discrete Event Simulator,Empty,Empty,1137755682,Empty,
242,We are buildling the best Algorand Discrete Event Simulator,Empty,Empty,1137755682,Empty,
243,We are buildling the best Algorand Discrete Event Simulator,Empty,Empty,1137755682,Empty,
244,We are buildling the best Algorand Discrete Event Simulator,Empty,Empty,1137755682,Empty,
245,We are buildling the best Algorand Discrete Event Simulator,Empty,Empty,1137755682,Empty,
246,We are buildling the best Algorand Discrete Event Simulator,Empty,Empty,1137755682,Empty,
247,We are buildling the best Algorand Discrete Event Simulator,Empty,Empty,1137755682,Empty,
248,We are buildling the best Algorand Discrete Event Simulator,Empty,Empty,1137755682,Empty,
249,We are buildling the best Algorand Discrete Event Simulator,Empty,Empty,1137755682,Empty,
250,We are buildling the best Algorand Discrete Event Simulator,Empty,Empty,1137755682,Empty,
251,We are buildling the best Algorand Discrete Event Simulator,Empty,Empty,1137755682,Empty,
252,We are buildling the best Algorand Discrete Event Simulator,Empty,Empty,1137755682,Empty,
253,We are buildling the best Algorand Discrete Event Simulator,Empty,Empty,1137755682,Empty,
254,We are buildling the best Algorand Discrete Event Simulator,Empty,Empty,1137755682,Empty,
255,We are buildling the best Algorand Discrete Event Simulator,Empty,Empty,1137755682,Empty,
256,We are buildling the best Algorand Discrete Event Simulator,Empty,Empty,1137755682,Empty,
